Workbook
Name Slicer_age_grouped: #N/A
Name Slicer_education: #N/A
Name Slicer_gender: #N/A
Name Slicer_loan_status: #N/A

Sheet Loan Payment Data
A1: Loan_ID | B1: loan_status | C1: Principal | D1: terms | E1: effective_date | F1: due_date | G1: paid_off_time | H1: past_due_days | I1: delinquency_category | J1: Delinquency_Category_Funct | K1: age | L1: age_grouped | M1: Age_Grouped_Funct | N1: education | O1: Education_Funct | P1: gender | Q1: Gender_Funct
A2: xqd20166231 | B2: PAIDOFF | C2: 1000 | D2: 30 | E2: 42591 | F2: 42561 | G2: 9/14/2016 19:31 | I2: Current | J2: =IF(H2 = " ", "Current", IF(H2 = 0, "Current", IF(H2 <= 39, "1 - 39 Days", IF(H2 <= 80, "40 - 80 Days")))) -> Current | K2: 45 | L2: Mature | M2: =IF(K2 <= 25, " Young Adults", IF(K2 <= 33, "Middle Aged", IF(K2 <= 49, "Mature", IF(K2 <= 100, "Old")))) -> Mature | N2: high school or below | O2: =PROPER(N2) -> High School Or Below | P2: male | Q2: =PROPER(P2) -> Male
A3: xqd20168902 | B3: PAIDOFF | C3: 1000 | D3: 30 | E3: 42591 | F3: 42561 | G3: 42561.375 | I3: Current | J3: =IF(H3 = " ", "Current", IF(H3 = 0, "Current", IF(H3 <= 39, "1 - 39 Days", IF(H3 <= 80, "40 - 80 Days")))) -> Current | K3: 50 | L3: Old | M3: =IF(K3 <= 25, " Young Adults", IF(K3 <= 33, "Middle Aged", IF(K3 <= 49, "Mature", IF(K3 <= 100, "Old")))) -> Old | N3: bachelor | O3: =PROPER(N3) -> Bachelor | P3: female | Q3: =PROPER(P3) -> Female
A4: xqd20160003 | B4: PAIDOFF | C4: 1000 | D4: 30 | E4: 42591 | F4: 42561 | G4: 9/25/2016 16:58 | I4: Current | J4: =IF(H4 = " ", "Current", IF(H4 = 0, "Current", IF(H4 <= 39, "1 - 39 Days", IF(H4 <= 80, "40 - 80 Days")))) -> Current | K4: 33 | L4: Middle Aged | M4: =IF(K4 <= 25, " Young Adults", IF(K4 <= 33, "Middle Aged", IF(K4 <= 49, "Mature", IF(K4 <= 100, "Old")))) -> Middle Aged | N4: bachelor | O4: =PROPER(N4) -> Bachelor | P4: female | Q4: =PROPER(P4) -> Female
A5: xqd20160004 | B5: PAIDOFF | C5: 1000 | D5: 15 | E5: 42591 | F5: 9/22/2016 | G5: 9/22/2016 20:00 | I5: Current | J5: =IF(H5 = " ", "Current", IF(H5 = 0, "Current", IF(H5 <= 39, "1 - 39 Days", IF(H5 <= 80, "40 - 80 Days")))) -> Current | K5: 27 | L5: Middle Aged | M5: =IF(K5 <= 25, " Young Adults", IF(K5 <= 33, "Middle Aged", IF(K5 <= 49, "Mature", IF(K5 <= 100, "Old")))) -> Middle Aged | N5: college | O5: =PROPER(N5) -> College | P5: male | Q5: =PROPER(P5) -> Male
A6: xqd20160005 | B6: PAIDOFF | C6: 1000 | D6: 30 | E6: 42622 | F6: 42592 | G6: 9/23/2016 21:36 | I6: Current | J6: =IF(H6 = " ", "Current", IF(H6 = 0, "Current", IF(H6 <= 39, "1 - 39 Days", IF(H6 <= 80, "40 - 80 Days")))) -> Current | K6: 28 | L6: Middle Aged | M6: =IF(K6 <= 25, " Young Adults", IF(K6 <= 33, "Middle Aged", IF(K6 <= 49, "Mature", IF(K6 <= 100, "Old")))) -> Middle Aged | N6: college | O6: =PROPER(N6) -> College | P6: female | Q6: =PROPER(P6) -> Female
A7: xqd20160706 | B7: PAIDOFF | C7: 300 | D7: 7 | E7: 42622 | F7: 9/15/2016 | G7: 42622.573 | I7: Current | J7: =IF(H7 = " ", "Current", IF(H7 = 0, "Current", IF(H7 <= 39, "1 - 39 Days", IF(H7 <= 80, "40 - 80 Days")))) -> Current | K7: 35 | L7: Mature | M7: =IF(K7 <= 25, " Young Adults", IF(K7 <= 33, "Middle Aged", IF(K7 <= 49, "Mature", IF(K7 <= 100, "Old")))) -> Mature | N7: master or above | O7: =PROPER(N7) -> Master Or Above | P7: male | Q7: =PROPER(P7) -> Male
A8: xqd20160007 | B8: PAIDOFF | C8: 1000 | D8: 30 | E8: 42622 | F8: 42592 | G8: 42561.963 | I8: Current | J8: =IF(H8 = " ", "Current", IF(H8 = 0, "Current", IF(H8 <= 39, "1 - 39 Days", IF(H8 <= 80, "40 - 80 Days")))) -> Current | K8: 29 | L8: Middle Aged | M8: =IF(K8 <= 25, " Young Adults", IF(K8 <= 33, "Middle Aged", IF(K8 <= 49, "Mature", IF(K8 <= 100, "Old")))) -> Middle Aged | N8: college | O8: =PROPER(N8) -> College | P8: male | Q8: =PROPER(P8) -> Male
A9: xqd20160008 | B9: PAIDOFF | C9: 1000 | D9: 30 | E9: 42622 | F9: 42592 | G9: 42500.856 | I9: Current | J9: =IF(H9 = " ", "Current", IF(H9 = 0, "Current", IF(H9 <= 39, "1 - 39 Days", IF(H9 <= 80, "40 - 80 Days")))) -> Current | K9: 36 | L9: Mature | M9: =IF(K9 <= 25, " Young Adults", IF(K9 <= 33, "Middle Aged", IF(K9 <= 49, "Mature", IF(K9 <= 100, "Old")))) -> Mature | N9: college | O9: =PROPER(N9) -> College | P9: male | Q9: =PROPER(P9) -> Male
A10: xqd20160909 | B10: PAIDOFF | C10: 1000 | D10: 30 | E10: 42622 | F10: 42592 | G10: 42592.667 | I10: Current | J10: =IF(H10 = " ", "Current", IF(H10 = 0, "Current", IF(H10 <= 39, "1 - 39 Days", IF(H10 <= 80, "40 - 80 Days")))) -> Current | K10: 28 | L10: Middle Aged | M10: =IF(K10 <= 25, " Young Adults", IF(K10 <= 33, "Middle Aged", IF(K10 <= 49, "Mature", IF(K10 <= 100, "Old")))) -> Middle Aged | N10: college | O10: =PROPER(N10) -> College | P10: male | Q10: =PROPER(P10) -> Male
A11: xqd20160010 | B11: PAIDOFF | C11: 800 | D11: 15 | E11: 42652 | F11: 9/24/2016 | G11: 9/24/2016 13:00 | I11: Current | J11: =IF(H11 = " ", "Current", IF(H11 = 0, "Current", IF(H11 <= 39, "1 - 39 Days", IF(H11 <= 80, "40 - 80 Days")))) -> Current | K11: 26 | L11: Middle Aged | M11: =IF(K11 <= 25, " Young Adults", IF(K11 <= 33, "Middle Aged", IF(K11 <= 49, "Mature", IF(K11 <= 100, "Old")))) -> Middle Aged | N11: college | O11: =PROPER(N11) -> College | P11: male | Q11: =PROPER(P11) -> Male
A12: xqd20160011 | B12: PAIDOFF | C12: 300 | D12: 7 | E12: 42652 | F12: 9/16/2016 | G12: 42683.799 | I12: Current | J12: =IF(H12 = " ", "Current", IF(H12 = 0, "Current", IF(H12 <= 39, "1 - 39 Days", IF(H12 <= 80, "40 - 80 Days")))) -> Current | K12: 29 | L12: Middle Aged | M12: =IF(K12 <= 25, " Young Adults", IF(K12 <= 33, "Middle Aged", IF(K12 <= 49, "Mature", IF(K12 <= 100, "Old")))) -> Middle Aged | N12: college | O12: =PROPER(N12) -> College | P12: male | Q12: =PROPER(P12) -> Male
A13: xqd20160012 | B13: PAIDOFF | C13: 1000 | D13: 15 | E13: 42652 | F13: 42623 | G13: 42623.667 | I13: Current | J13: =IF(H13 = " ", "Current", IF(H13 = 0, "Current", IF(H13 <= 39, "1 - 39 Days", IF(H13 <= 80, "40 - 80 Days")))) -> Current | K13: 39 | L13: Mature | M13: =IF(K13 <= 25, " Young Adults", IF(K13 <= 33, "Middle Aged", IF(K13 <= 49, "Mature", IF(K13 <= 100, "Old")))) -> Mature | N13: high school or below | O13: =PROPER(N13) -> High School Or Below | P13: male | Q13: =PROPER(P13) -> Male
A14: xqd20160013 | B14: PAIDOFF | C14: 1000 | D14: 30 | E14: 42652 | F14: 42623 | G14: 42561.981 | I14: Current | J14: =IF(H14 = " ", "Current", IF(H14 = 0, "Current", IF(H14 <= 39, "1 - 39 Days", IF(H14 <= 80, "40 - 80 Days")))) -> Current | K14: 26 | L14: Middle Aged | M14: =IF(K14 <= 25, " Young Adults", IF(K14 <= 33, "Middle Aged", IF(K14 <= 49, "Mature", IF(K14 <= 100, "Old")))) -> Middle Aged | N14: college | O14: =PROPER(N14) -> College | P14: male | Q14: =PROPER(P14) -> Male
A15: xqd20160014 | B15: PAIDOFF | C15: 900 | D15: 7 | E15: 42652 | F15: 9/16/2016 | G15: 9/13/2016 21:57 | I15: Current | J15: =IF(H15 = " ", "Current", IF(H15 = 0, "Current", IF(H15 <= 39, "1 - 39 Days", IF(H15 <= 80, "40 - 80 Days")))) -> Current | K15: 26 | L15: Middle Aged | M15: =IF(K15 <= 25, " Young Adults", IF(K15 <= 33, "Middle Aged", IF(K15 <= 49, "Mature", IF(K15 <= 100, "Old")))) -> Middle Aged | N15: college | O15: =PROPER(N15) -> College | P15: female | Q15: =PROPER(P15) -> Female
A16: xqd20160015 | B16: PAIDOFF | C16: 1000 | D16: 7 | E16: 42652 | F16: 9/16/2016 | G16: 9/15/2016 14:27 | I16: Current | J16: =IF(H16 = " ", "Current", IF(H16 = 0, "Current", IF(H16 <= 39, "1 - 39 Days", IF(H16 <= 80, "40 - 80 Days")))) -> Current | K16: 27 | L16: Middle Aged | M16: =IF(K16 <= 25, " Young Adults", IF(K16 <= 33, "Middle Aged", IF(K16 <= 49, "Mature", IF(K16 <= 100, "Old")))) -> Middle Aged | N16: high school or below | O16: =PROPER(N16) -> High School Or Below | P16: male | Q16: =PROPER(P16) -> Male
A17: xqd20160016 | B17: PAIDOFF | C17: 800 | D17: 15 | E17: 42652 | F17: 9/24/2016 | G17: 9/24/2016 16:00 | I17: Current | J17: =IF(H17 = " ", "Current", IF(H17 = 0, "Current", IF(H17 <= 39, "1 - 39 Days", IF(H17 <= 80, "40 - 80 Days")))) -> Current | K17: 26 | L17: Middle Aged | M17: =IF(K17 <= 25, " Young Adults", IF(K17 <= 33, "Middle Aged", IF(K17 <= 49, "Mature", IF(K17 <= 100, "Old")))) -> Middle Aged | N17: college | O17: =PROPER(N17) -> College | P17: male | Q17: =PROPER(P17) -> Male
A18: xqd20160017 | B18: PAIDOFF | C18: 1000 | D18: 30 | E18: 42652 | F18: 42623 | G18: 9/27/2016 14:21 | I18: Current | J18: =IF(H18 = " ", "Current", IF(H18 = 0, "Current", IF(H18 <= 39, "1 - 39 Days", IF(H18 <= 80, "40 - 80 Days")))) -> Current | K18: 40 | L18: Mature | M18: =IF(K18 <= 25, " Young Adults", IF(K18 <= 33, "Middle Aged", IF(K18 <= 49, "Mature", IF(K18 <= 100, "Old")))) -> Mature | N18: high school or below | O18: =PROPER(N18) -> High School Or Below | P18: male | Q18: =PROPER(P18) -> Male
A19: xqd20160018 | B19: PAIDOFF | C19: 1000 | D19: 15 | E19: 42652 | F19: 9/24/2016 | G19: 9/23/2016 18:49 | I19: Current | J19: =IF(H19 = " ", "Current", IF(H19 = 0, "Current", IF(H19 <= 39, "1 - 39 Days", IF(H19 <= 80, "40 - 80 Days")))) -> Current | K19: 32 | L19: Middle Aged | M19: =IF(K19 <= 25, " Young Adults", IF(K19 <= 33, "Middle Aged", IF(K19 <= 49, "Mature", IF(K19 <= 100, "Old")))) -> Middle Aged | N19: high school or below | O19: =PROPER(N19) -> High School Or Below | P19: male | Q19: =PROPER(P19) -> Male
A20: xqd20160019 | B20: PAIDOFF | C20: 1000 | D20: 30 | E20: 42652 | F20: 42623 | G20: 42500.92 | I20: Current | J20: =IF(H20 = " ", "Current", IF(H20 = 0, "Current", IF(H20 <= 39, "1 - 39 Days", IF(H20 <= 80, "40 - 80 Days")))) -> Current | K20: 32 | L20: Middle Aged | M20: =IF(K20 <= 25, " Young Adults", IF(K20 <= 33, "Middle Aged", IF(K20 <= 49, "Mature", IF(K20 <= 100, "Old")))) -> Middle Aged | N20: high school or below | O20: =PROPER(N20) -> High School Or Below | P20: male | Q20: =PROPER(P20) -> Male
A21: xqd20160020 | B21: PAIDOFF | C21: 800 | D21: 30 | E21: 42652 | F21: 42623 | G21: 9/23/2016 7:42 | I21: Current | J21: =IF(H21 = " ", "Current", IF(H21 = 0, "Current", IF(H21 <= 39, "1 - 39 Days", IF(H21 <= 80, "40 - 80 Days")))) -> Current | K21: 26 | L21: Middle Aged | M21: =IF(K21 <= 25, " Young Adults", IF(K21 <= 33, "Middle Aged", IF(K21 <= 49, "Mature", IF(K21 <= 100, "Old")))) -> Middle Aged | N21: college | O21: =PROPER(N21) -> College | P21: male | Q21: =PROPER(P21) -> Male
A22: xqd20160021 | B22: PAIDOFF | C22: 1000 | D22: 30 | E22: 42652 | F22: 42623 | G22: 42623.375 | I22: Current | J22: =IF(H22 = " ", "Current", IF(H22 = 0, "Current", IF(H22 <= 39, "1 - 39 Days", IF(H22 <= 80, "40 - 80 Days")))) -> Current | K22: 26 | L22: Middle Aged | M22: =IF(K22 <= 25, " Young Adults", IF(K22 <= 33, "Middle Aged", IF(K22 <= 49, "Mature", IF(K22 <= 100, "Old")))) -> Middle Aged | N22: college | O22: =PROPER(N22) -> College | P22: male | Q22: =PROPER(P22) -> Male
A23: xqd20160022 | B23: PAIDOFF | C23: 1000 | D23: 30 | E23: 42652 | F23: 42623 | G23: 42592.715 | I23: Current | J23: =IF(H23 = " ", "Current", IF(H23 = 0, "Current", IF(H23 <= 39, "1 - 39 Days", IF(H23 <= 80, "40 - 80 Days")))) -> Current | K23: 43 | L23: Mature | M23: =IF(K23 <= 25, " Young Adults", IF(K23 <= 33, "Middle Aged", IF(K23 <= 49, "Mature", IF(K23 <= 100, "Old")))) -> Mature | N23: high school or below | O23: =PROPER(N23) -> High School Or Below | P23: female | Q23: =PROPER(P23) -> Female
A24: xqd20160023 | B24: PAIDOFF | C24: 1000 | D24: 30 | E24: 42652 | F24: 42623 | G24: 42623.958 | I24: Current | J24: =IF(H24 = " ", "Current", IF(H24 = 0, "Current", IF(H24 <= 39, "1 - 39 Days", IF(H24 <= 80, "40 - 80 Days")))) -> Current | K24: 25 | L24: Young Adults | M24: =IF(K24 <= 25, " Young Adults", IF(K24 <= 33, "Middle Aged", IF(K24 <= 49, "Mature", IF(K24 <= 100, "Old")))) -> Young Adults | N24: high school or below | O24: =PROPER(N24) -> High School Or Below | P24: male | Q24: =PROPER(P24) -> Male
A25: xqd20160024 | B25: PAIDOFF | C25: 1000 | D25: 15 | E25: 42652 | F25: 9/24/2016 | G25: 9/24/2016 13:00 | I25: Current | J25: =IF(H25 = " ", "Current", IF(H25 = 0, "Current", IF(H25 <= 39, "1 - 39 Days", IF(H25 <= 80, "40 - 80 Days")))) -> Current | K25: 26 | L25: Middle Aged | M25: =IF(K25 <= 25, " Young Adults", IF(K25 <= 33, "Middle Aged", IF(K25 <= 49, "Mature", IF(K25 <= 100, "Old")))) -> Middle Aged | N25: college | O25: =PROPER(N25) -> College | P25: male | Q25: =PROPER(P25) -> Male
A26: xqd20160025 | B26: PAIDOFF | C26: 1000 | D26: 30 | E26: 42652 | F26: 42623 | G26: 42439.535 | I26: Current | J26: =IF(H26 = " ", "Current", IF(H26 = 0, "Current", IF(H26 <= 39, "1 - 39 Days", IF(H26 <= 80, "40 - 80 Days")))) -> Current | K26: 26 | L26: Middle Aged | M26: =IF(K26 <= 25, " Young Adults", IF(K26 <= 33, "Middle Aged", IF(K26 <= 49, "Mature", IF(K26 <= 100, "Old")))) -> Middle Aged | N26: college | O26: =PROPER(N26) -> College | P26: male | Q26: =PROPER(P26) -> Male
A27: xqd20160026 | B27: PAIDOFF | C27: 1000 | D27: 30 | E27: 42652 | F27: 42623 | G27: 9/29/2016 12:18 | I27: Current | J27: =IF(H27 = " ", "Current", IF(H27 = 0, "Current", IF(H27 <= 39, "1 - 39 Days", IF(H27 <= 80, "40 - 80 Days")))) -> Current | K27: 29 | L27: Middle Aged | M27: =IF(K27 <= 25, " Young Adults", IF(K27 <= 33, "Middle Aged", IF(K27 <= 49, "Mature", IF(K27 <= 100, "Old")))) -> Middle Aged | N27: high school or below | O27: =PROPER(N27) -> High School Or Below | P27: male | Q27: =PROPER(P27) -> Male
A28: xqd20160027 | B28: PAIDOFF | C28: 800 | D28: 15 | E28: 42652 | F28: 9/24/2016 | G28: 9/21/2016 20:16 | I28: Current | J28: =IF(H28 = " ", "Current", IF(H28 = 0, "Current", IF(H28 <= 39, "1 - 39 Days", IF(H28 <= 80, "40 - 80 Days")))) -> Current | K28: 39 | L28: Mature | M28: =IF(K28 <= 25, " Young Adults", IF(K28 <= 33, "Middle Aged", IF(K28 <= 49, "Mature", IF(K28 <= 100, "Old")))) -> Mature | N28: bachelor | O28: =PROPER(N28) -> Bachelor | P28: male | Q28: =PROPER(P28) -> Male
A29: xqd20170088 | B29: PAIDOFF | C29: 1000 | D29: 15 | E29: 42652 | F29: 9/24/2016 | G29: 9/23/2016 8:21 | I29: Current | J29: =IF(H29 = " ", "Current", IF(H29 = 0, "Current", IF(H29 <= 39, "1 - 39 Days", IF(H29 <= 80, "40 - 80 Days")))) -> Current | K29: 34 | L29: Mature | M29: =IF(K29 <= 25, " Young Adults", IF(K29 <= 33, "Middle Aged", IF(K29 <= 49, "Mature", IF(K29 <= 100, "Old")))) -> Mature | N29: bachelor | O29: =PROPER(N29) -> Bachelor | P29: male | Q29: =PROPER(P29) -> Male
A30: xqd20160029 | B30: PAIDOFF | C30: 1000 | D30: 30 | E30: 42683 | F30: 42653 | G30: 9/22/2016 19:17 | I30: Current | J30: =IF(H30 = " ", "Current", IF(H30 = 0, "Current", IF(H30 <= 39, "1 - 39 Days", IF(H30 <= 80, "40 - 80 Days")))) -> Current | K30: 31 | L30: Middle Aged | M30: =IF(K30 <= 25, " Young Adults", IF(K30 <= 33, "Middle Aged", IF(K30 <= 49, "Mature", IF(K30 <= 100, "Old")))) -> Middle Aged | N30: college | O30: =PROPER(N30) -> College | P30: male | Q30: =PROPER(P30) -> Male
A31: xqd20160030 | B31: PAIDOFF | C31: 1000 | D31: 30 | E31: 42683 | F31: 42653 | G31: 42623.731 | I31: Current | J31: =IF(H31 = " ", "Current", IF(H31 = 0, "Current", IF(H31 <= 39, "1 - 39 Days", IF(H31 <= 80, "40 - 80 Days")))) -> Current | K31: 33 | L31: Middle Aged | M31: =IF(K31 <= 25, " Young Adults", IF(K31 <= 33, "Middle Aged", IF(K31 <= 49, "Mature", IF(K31 <= 100, "Old")))) -> Middle Aged | N31: college | O31: =PROPER(N31) -> College | P31: male | Q31: =PROPER(P31) -> Male
A32: xqd88160031 | B32: PAIDOFF | C32: 800 | D32: 15 | E32: 42683 | F32: 9/25/2016 | G32: 9/24/2016 14:41 | I32: Current | J32: =IF(H32 = " ", "Current", IF(H32 = 0, "Current", IF(H32 <= 39, "1 - 39 Days", IF(H32 <= 80, "40 - 80 Days")))) -> Current | K32: 33 | L32: Middle Aged | M32: =IF(K32 <= 25, " Young Adults", IF(K32 <= 33, "Middle Aged", IF(K32 <= 49, "Mature", IF(K32 <= 100, "Old")))) -> Middle Aged | N32: high school or below | O32: =PROPER(N32) -> High School Or Below | P32: male | Q32: =PROPER(P32) -> Male
A33: xqd20160032 | B33: PAIDOFF | C33: 1000 | D33: 30 | E33: 42683 | F33: 42653 | G33: 42561.908 | I33: Current | J33: =IF(H33 = " ", "Current", IF(H33 = 0, "Current", IF(H33 <= 39, "1 - 39 Days", IF(H33 <= 80, "40 - 80 Days")))) -> Current | K33: 37 | L33: Mature | M33: =IF(K33 <= 25, " Young Adults", IF(K33 <= 33, "Middle Aged", IF(K33 <= 49, "Mature", IF(K33 <= 100, "Old")))) -> Mature | N33: college | O33: =PROPER(N33) -> College | P33: male | Q33: =PROPER(P33) -> Male
A34: xqd20160033 | B34: PAIDOFF | C34: 1000 | D34: 30 | E34: 42683 | F34: 42653 | G34: 42623.739 | I34: Current | J34: =IF(H34 = " ", "Current", IF(H34 = 0, "Current", IF(H34 <= 39, "1 - 39 Days", IF(H34 <= 80, "40 - 80 Days")))) -> Current | K34: 27 | L34: Middle Aged | M34: =IF(K34 <= 25, " Young Adults", IF(K34 <= 33, "Middle Aged", IF(K34 <= 49, "Mature", IF(K34 <= 100, "Old")))) -> Middle Aged | N34: college | O34: =PROPER(N34) -> College | P34: male | Q34: =PROPER(P34) -> Male
A35: xqd22169034 | B35: PAIDOFF | C35: 1000 | D35: 30 | E35: 42683 | F35: 42653 | G35: 42623.308 | I35: Current | J35: =IF(H35 = " ", "Current", IF(H35 = 0, "Current", IF(H35 <= 39, "1 - 39 Days", IF(H35 <= 80, "40 - 80 Days")))) -> Current | K35: 37 | L35: Mature | M35: =IF(K35 <= 25, " Young Adults", IF(K35 <= 33, "Middle Aged", IF(K35 <= 49, "Mature", IF(K35 <= 100, "Old")))) -> Mature | N35: college | O35: =PROPER(N35) -> College | P35: male | Q35: =PROPER(P35) -> Male
A36: xqd20160035 | B36: PAIDOFF | C36: 800 | D36: 15 | E36: 42683 | F36: 9/25/2016 | G36: 9/25/2016 21:49 | I36: Current | J36: =IF(H36 = " ", "Current", IF(H36 = 0, "Current", IF(H36 <= 39, "1 - 39 Days", IF(H36 <= 80, "40 - 80 Days")))) -> Current | K36: 33 | L36: Middle Aged | M36: =IF(K36 <= 25, " Young Adults", IF(K36 <= 33, "Middle Aged", IF(K36 <= 49, "Mature", IF(K36 <= 100, "Old")))) -> Middle Aged | N36: college | O36: =PROPER(N36) -> College | P36: male | Q36: =PROPER(P36) -> Male
A37: xqd20160036 | B37: PAIDOFF | C37: 800 | D37: 15 | E37: 42683 | F37: 9/25/2016 | G37: 9/25/2016 9:00 | I37: Current | J37: =IF(H37 = " ", "Current", IF(H37 = 0, "Current", IF(H37 <= 39, "1 - 39 Days", IF(H37 <= 80, "40 - 80 Days")))) -> Current | K37: 29 | L37: Middle Aged | M37: =IF(K37 <= 25, " Young Adults", IF(K37 <= 33, "Middle Aged", IF(K37 <= 49, "Mature", IF(K37 <= 100, "Old")))) -> Middle Aged | N37: bachelor | O37: =PROPER(N37) -> Bachelor | P37: male | Q37: =PROPER(P37) -> Male
A38: xqd20160037 | B38: PAIDOFF | C38: 1000 | D38: 30 | E38: 42683 | F38: 42653 | G38: 42653.667 | I38: Current | J38: =IF(H38 = " ", "Current", IF(H38 = 0, "Current", IF(H38 <= 39, "1 - 39 Days", IF(H38 <= 80, "40 - 80 Days")))) -> Current | K38: 27 | L38: Middle Aged | M38: =IF(K38 <= 25, " Young Adults", IF(K38 <= 33, "Middle Aged", IF(K38 <= 49, "Mature", IF(K38 <= 100, "Old")))) -> Middle Aged | N38: high school or below | O38: =PROPER(N38) -> High School Or Below | P38: male | Q38: =PROPER(P38) -> Male
A39: xqd20160038 | B39: PAIDOFF | C39: 700 | D39: 15 | E39: 42683 | F39: 9/25/2016 | G39: 9/25/2016 13:00 | I39: Current | J39: =IF(H39 = " ", "Current", IF(H39 = 0, "Current", IF(H39 <= 39, "1 - 39 Days", IF(H39 <= 80, "40 - 80 Days")))) -> Current | K39: 33 | L39: Middle Aged | M39: =IF(K39 <= 25, " Young Adults", IF(K39 <= 33, "Middle Aged", IF(K39 <= 49, "Mature", IF(K39 <= 100, "Old")))) -> Middle Aged | N39: high school or below | O39: =PROPER(N39) -> High School Or Below | P39: male | Q39: =PROPER(P39) -> Male
A40: xqd20160039 | B40: PAIDOFF | C40: 1000 | D40: 15 | E40: 42683 | F40: 9/25/2016 | G40: 9/25/2016 9:00 | I40: Current | J40: =IF(H40 = " ", "Current", IF(H40 = 0, "Current", IF(H40 <= 39, "1 - 39 Days", IF(H40 <= 80, "40 - 80 Days")))) -> Current | K40: 24 | L40: Young Adults | M40: =IF(K40 <= 25, " Young Adults", IF(K40 <= 33, "Middle Aged", IF(K40 <= 49, "Mature", IF(K40 <= 100, "Old")))) -> Young Adults | N40: college | O40: =PROPER(N40) -> College | P40: male | Q40: =PROPER(P40) -> Male
A41: xqd20160040 | B41: PAIDOFF | C41: 1000 | D41: 30 | E41: 42683 | F41: 42653 | G41: 42653.481 | I41: Current | J41: =IF(H41 = " ", "Current", IF(H41 = 0, "Current", IF(H41 <= 39, "1 - 39 Days", IF(H41 <= 80, "40 - 80 Days")))) -> Current | K41: 21 | L41: Young Adults | M41: =IF(K41 <= 25, " Young Adults", IF(K41 <= 33, "Middle Aged", IF(K41 <= 49, "Mature", IF(K41 <= 100, "Old")))) -> Young Adults | N41: bachelor | O41: =PROPER(N41) -> Bachelor | P41: male | Q41: =PROPER(P41) -> Male
A42: xqd20160041 | B42: PAIDOFF | C42: 1000 | D42: 15 | E42: 42683 | F42: 9/25/2016 | G42: 9/25/2016 9:00 | I42: Current | J42: =IF(H42 = " ", "Current", IF(H42 = 0, "Current", IF(H42 <= 39, "1 - 39 Days", IF(H42 <= 80, "40 - 80 Days")))) -> Current | K42: 32 | L42: Middle Aged | M42: =IF(K42 <= 25, " Young Adults", IF(K42 <= 33, "Middle Aged", IF(K42 <= 49, "Mature", IF(K42 <= 100, "Old")))) -> Middle Aged | N42: college | O42: =PROPER(N42) -> College | P42: female | Q42: =PROPER(P42) -> Female
A43: xqd20160042 | B43: PAIDOFF | C43: 800 | D43: 15 | E43: 42683 | F43: 9/25/2016 | G43: 9/25/2016 14:36 | I43: Current | J43: =IF(H43 = " ", "Current", IF(H43 = 0, "Current", IF(H43 <= 39, "1 - 39 Days", IF(H43 <= 80, "40 - 80 Days")))) -> Current | K43: 30 | L43: Middle Aged | M43: =IF(K43 <= 25, " Young Adults", IF(K43 <= 33, "Middle Aged", IF(K43 <= 49, "Mature", IF(K43 <= 100, "Old")))) -> Middle Aged | N43: college | O43: =PROPER(N43) -> College | P43: male | Q43: =PROPER(P43) -> Male
A44: xqd20160043 | B44: PAIDOFF | C44: 1000 | D44: 7 | E44: 42683 | F44: 9/24/2016 | G44: 9/24/2016 9:00 | I44: Current | J44: =IF(H44 = " ", "Current", IF(H44 = 0, "Current", IF(H44 <= 39, "1 - 39 Days", IF(H44 <= 80, "40 - 80 Days")))) -> Current | K44: 31 | L44: Middle Aged | M44: =IF(K44 <= 25, " Young Adults", IF(K44 <= 33, "Middle Aged", IF(K44 <= 49, "Mature", IF(K44 <= 100, "Old")))) -> Middle Aged | N44: bachelor | O44: =PROPER(N44) -> Bachelor | P44: male | Q44: =PROPER(P44) -> Male
A45: xqd20160044 | B45: PAIDOFF | C45: 1000 | D45: 15 | E45: 42683 | F45: 9/25/2016 | G45: 9/20/2016 15:00 | I45: Current | J45: =IF(H45 = " ", "Current", IF(H45 = 0, "Current", IF(H45 <= 39, "1 - 39 Days", IF(H45 <= 80, "40 - 80 Days")))) -> Current | K45: 30 | L45: Middle Aged | M45: =IF(K45 <= 25, " Young Adults", IF(K45 <= 33, "Middle Aged", IF(K45 <= 49, "Mature", IF(K45 <= 100, "Old")))) -> Middle Aged | N45: college | O45: =PROPER(N45) -> College | P45: male | Q45: =PROPER(P45) -> Male
A46: xqd20160045 | B46: PAIDOFF | C46: 1000 | D46: 15 | E46: 42683 | F46: 9/25/2016 | G46: 9/21/2016 22:29 | I46: Current | J46: =IF(H46 = " ", "Current", IF(H46 = 0, "Current", IF(H46 <= 39, "1 - 39 Days", IF(H46 <= 80, "40 - 80 Days")))) -> Current | K46: 24 | L46: Young Adults | M46: =IF(K46 <= 25, " Young Adults", IF(K46 <= 33, "Middle Aged", IF(K46 <= 49, "Mature", IF(K46 <= 100, "Old")))) -> Young Adults | N46: bachelor | O46: =PROPER(N46) -> Bachelor | P46: female | Q46: =PROPER(P46) -> Female
A47: xqd20160046 | B47: PAIDOFF | C47: 800 | D47: 7 | E47: 42683 | F47: 9/17/2016 | G47: 42713.928 | I47: Current | J47: =IF(H47 = " ", "Current", IF(H47 = 0, "Current", IF(H47 <= 39, "1 - 39 Days", IF(H47 <= 80, "40 - 80 Days")))) -> Current | K47: 35 | L47: Mature | M47: =IF(K47 <= 25, " Young Adults", IF(K47 <= 33, "Middle Aged", IF(K47 <= 49, "Mature", IF(K47 <= 100, "Old")))) -> Mature | N47: high school or below | O47: =PROPER(N47) -> High School Or Below | P47: male | Q47: =PROPER(P47) -> Male
A48: xqd20160047 | B48: PAIDOFF | C48: 1000 | D48: 30 | E48: 42683 | F48: 42653 | G48: 42592.593 | I48: Current | J48: =IF(H48 = " ", "Current", IF(H48 = 0, "Current", IF(H48 <= 39, "1 - 39 Days", IF(H48 <= 80, "40 - 80 Days")))) -> Current | K48: 22 | L48: Young Adults | M48: =IF(K48 <= 25, " Young Adults", IF(K48 <= 33, "Middle Aged", IF(K48 <= 49, "Mature", IF(K48 <= 100, "Old")))) -> Young Adults | N48: high school or below | O48: =PROPER(N48) -> High School Or Below | P48: male | Q48: =PROPER(P48) -> Male
A49: xqd20160048 | B49: PAIDOFF | C49: 1000 | D49: 30 | E49: 42683 | F49: 42653 | G49: 42623.37 | I49: Current | J49: =IF(H49 = " ", "Current", IF(H49 = 0, "Current", IF(H49 <= 39, "1 - 39 Days", IF(H49 <= 80, "40 - 80 Days")))) -> Current | K49: 32 | L49: Middle Aged | M49: =IF(K49 <= 25, " Young Adults", IF(K49 <= 33, "Middle Aged", IF(K49 <= 49, "Mature", IF(K49 <= 100, "Old")))) -> Middle Aged | N49: college | O49: =PROPER(N49) -> College | P49: male | Q49: =PROPER(P49) -> Male
A50: xqd20160049 | B50: PAIDOFF | C50: 1000 | D50: 30 | E50: 42683 | F50: 42653 | G50: 42653.375 | I50: Current | J50: =IF(H50 = " ", "Current", IF(H50 = 0, "Current", IF(H50 <= 39, "1 - 39 Days", IF(H50 <= 80, "40 - 80 Days")))) -> Current | K50: 32 | L50: Middle Aged | M50: =IF(K50 <= 25, " Young Adults", IF(K50 <= 33, "Middle Aged", IF(K50 <= 49, "Mature", IF(K50 <= 100, "Old")))) -> Middle Aged | N50: bachelor | O50: =PROPER(N50) -> Bachelor | P50: male | Q50: =PROPER(P50) -> Male
A51: xqd20160050 | B51: PAIDOFF | C51: 800 | D51: 15 | E51: 42683 | F51: 9/25/2016 | G51: 9/25/2016 19:21 | I51: Current | J51: =IF(H51 = " ", "Current", IF(H51 = 0, "Current", IF(H51 <= 39, "1 - 39 Days", IF(H51 <= 80, "40 - 80 Days")))) -> Current | K51: 50 | L51: Old | M51: =IF(K51 <= 25, " Young Adults", IF(K51 <= 33, "Middle Aged", IF(K51 <= 49, "Mature", IF(K51 <= 100, "Old")))) -> Old | N51: high school or below | O51: =PROPER(N51) -> High School Or Below | P51: male | Q51: =PROPER(P51) -> Male
A52: xqd20160051 | B52: PAIDOFF | C52: 800 | D52: 15 | E52: 42683 | F52: 9/25/2016 | G52: 9/25/2016 13:00 | I52: Current | J52: =IF(H52 = " ", "Current", IF(H52 = 0, "Current", IF(H52 <= 39, "1 - 39 Days", IF(H52 <= 80, "40 - 80 Days")))) -> Current | K52: 27 | L52: Middle Aged | M52: =IF(K52 <= 25, " Young Adults", IF(K52 <= 33, "Middle Aged", IF(K52 <= 49, "Mature", IF(K52 <= 100, "Old")))) -> Middle Aged | N52: college | O52: =PROPER(N52) -> College | P52: female | Q52: =PROPER(P52) -> Female
A53: xqd20160052 | B53: PAIDOFF | C53: 1000 | D53: 30 | E53: 42683 | F53: 42653 | G53: 42653.375 | I53: Current | J53: =IF(H53 = " ", "Current", IF(H53 = 0, "Current", IF(H53 <= 39, "1 - 39 Days", IF(H53 <= 80, "40 - 80 Days")))) -> Current | K53: 35 | L53: Mature | M53: =IF(K53 <= 25, " Young Adults", IF(K53 <= 33, "Middle Aged", IF(K53 <= 49, "Mature", IF(K53 <= 100, "Old")))) -> Mature | N53: bachelor | O53: =PROPER(N53) -> Bachelor | P53: female | Q53: =PROPER(P53) -> Female
A54: xqd20160053 | B54: PAIDOFF | C54: 800 | D54: 15 | E54: 42683 | F54: 9/25/2016 | G54: 9/13/2016 4:34 | I54: Current | J54: =IF(H54 = " ", "Current", IF(H54 = 0, "Current", IF(H54 <= 39, "1 - 39 Days", IF(H54 <= 80, "40 - 80 Days")))) -> Current | K54: 35 | L54: Mature | M54: =IF(K54 <= 25, " Young Adults", IF(K54 <= 33, "Middle Aged", IF(K54 <= 49, "Mature", IF(K54 <= 100, "Old")))) -> Mature | N54: bachelor | O54: =PROPER(N54) -> Bachelor | P54: female | Q54: =PROPER(P54) -> Female
A55: xqd20160054 | B55: PAIDOFF | C55: 1000 | D55: 30 | E55: 42683 | F55: 42653 | G55: 42653.375 | I55: Current | J55: =IF(H55 = " ", "Current", IF(H55 = 0, "Current", IF(H55 <= 39, "1 - 39 Days", IF(H55 <= 80, "40 - 80 Days")))) -> Current | K55: 34 | L55: Mature | M55: =IF(K55 <= 25, " Young Adults", IF(K55 <= 33, "Middle Aged", IF(K55 <= 49, "Mature", IF(K55 <= 100, "Old")))) -> Mature | N55: high school or below | O55: =PROPER(N55) -> High School Or Below | P55: male | Q55: =PROPER(P55) -> Male
A56: xqd20160055 | B56: PAIDOFF | C56: 1000 | D56: 30 | E56: 42683 | F56: 42653 | G56: 42653.667 | I56: Current | J56: =IF(H56 = " ", "Current", IF(H56 = 0, "Current", IF(H56 <= 39, "1 - 39 Days", IF(H56 <= 80, "40 - 80 Days")))) -> Current | K56: 21 | L56: Young Adults | M56: =IF(K56 <= 25, " Young Adults", IF(K56 <= 33, "Middle Aged", IF(K56 <= 49, "Mature", IF(K56 <= 100, "Old")))) -> Young Adults | N56: high school or below | O56: =PROPER(N56) -> High School Or Below | P56: male | Q56: =PROPER(P56) -> Male
A57: xqd20160056 | B57: PAIDOFF | C57: 1000 | D57: 15 | E57: 42683 | F57: 9/25/2016 | G57: 9/25/2016 16:00 | I57: Current | J57: =IF(H57 = " ", "Current", IF(H57 = 0, "Current", IF(H57 <= 39, "1 - 39 Days", IF(H57 <= 80, "40 - 80 Days")))) -> Current | K57: 25 | L57: Young Adults | M57: =IF(K57 <= 25, " Young Adults", IF(K57 <= 33, "Middle Aged", IF(K57 <= 49, "Mature", IF(K57 <= 100, "Old")))) -> Young Adults | N57: college | O57: =PROPER(N57) -> College | P57: male | Q57: =PROPER(P57) -> Male
A58: xqd20160057 | B58: PAIDOFF | C58: 1000 | D58: 30 | E58: 42683 | F58: 42653 | G58: 42653.375 | I58: Current | J58: =IF(H58 = " ", "Current", IF(H58 = 0, "Current", IF(H58 <= 39, "1 - 39 Days", IF(H58 <= 80, "40 - 80 Days")))) -> Current | K58: 27 | L58: Middle Aged | M58: =IF(K58 <= 25, " Young Adults", IF(K58 <= 33, "Middle Aged", IF(K58 <= 49, "Mature", IF(K58 <= 100, "Old")))) -> Middle Aged | N58: high school or below | O58: =PROPER(N58) -> High School Or Below | P58: male | Q58: =PROPER(P58) -> Male
A59: xqd20160058 | B59: PAIDOFF | C59: 1000 | D59: 30 | E59: 42683 | F59: 42653 | G59: 42561.106 | I59: Current | J59: =IF(H59 = " ", "Current", IF(H59 = 0, "Current", IF(H59 <= 39, "1 - 39 Days", IF(H59 <= 80, "40 - 80 Days")))) -> Current | K59: 26 | L59: Middle Aged | M59: =IF(K59 <= 25, " Young Adults", IF(K59 <= 33, "Middle Aged", IF(K59 <= 49, "Mature", IF(K59 <= 100, "Old")))) -> Middle Aged | N59: bachelor | O59: =PROPER(N59) -> Bachelor | P59: male | Q59: =PROPER(P59) -> Male
A60: xqd20160059 | B60: PAIDOFF | C60: 800 | D60: 15 | E60: 42683 | F60: 9/25/2016 | G60: 9/24/2016 11:40 | I60: Current | J60: =IF(H60 = " ", "Current", IF(H60 = 0, "Current", IF(H60 <= 39, "1 - 39 Days", IF(H60 <= 80, "40 - 80 Days")))) -> Current | K60: 44 | L60: Mature | M60: =IF(K60 <= 25, " Young Adults", IF(K60 <= 33, "Middle Aged", IF(K60 <= 49, "Mature", IF(K60 <= 100, "Old")))) -> Mature | N60: high school or below | O60: =PROPER(N60) -> High School Or Below | P60: female | Q60: =PROPER(P60) -> Female
A61: xqd20160060 | B61: PAIDOFF | C61: 800 | D61: 15 | E61: 42683 | F61: 9/25/2016 | G61: 9/22/2016 6:38 | I61: Current | J61: =IF(H61 = " ", "Current", IF(H61 = 0, "Current", IF(H61 <= 39, "1 - 39 Days", IF(H61 <= 80, "40 - 80 Days")))) -> Current | K61: 39 | L61: Mature | M61: =IF(K61 <= 25, " Young Adults", IF(K61 <= 33, "Middle Aged", IF(K61 <= 49, "Mature", IF(K61 <= 100, "Old")))) -> Mature | N61: master or above | O61: =PROPER(N61) -> Master Or Above | P61: male | Q61: =PROPER(P61) -> Male
A62: xqd20160061 | B62: PAIDOFF | C62: 1000 | D62: 30 | E62: 42683 | F62: 42653 | G62: 9/30/2016 21:12 | I62: Current | J62: =IF(H62 = " ", "Current", IF(H62 = 0, "Current", IF(H62 <= 39, "1 - 39 Days", IF(H62 <= 80, "40 - 80 Days")))) -> Current | K62: 34 | L62: Mature | M62: =IF(K62 <= 25, " Young Adults", IF(K62 <= 33, "Middle Aged", IF(K62 <= 49, "Mature", IF(K62 <= 100, "Old")))) -> Mature | N62: bachelor | O62: =PROPER(N62) -> Bachelor | P62: male | Q62: =PROPER(P62) -> Male
A63: xqd20160062 | B63: PAIDOFF | C63: 1000 | D63: 15 | E63: 42683 | F63: 9/25/2016 | G63: 9/24/2016 13:42 | I63: Current | J63: =IF(H63 = " ", "Current", IF(H63 = 0, "Current", IF(H63 <= 39, "1 - 39 Days", IF(H63 <= 80, "40 - 80 Days")))) -> Current | K63: 37 | L63: Mature | M63: =IF(K63 <= 25, " Young Adults", IF(K63 <= 33, "Middle Aged", IF(K63 <= 49, "Mature", IF(K63 <= 100, "Old")))) -> Mature | N63: college | O63: =PROPER(N63) -> College | P63: male | Q63: =PROPER(P63) -> Male
A64: xqd20160063 | B64: PAIDOFF | C64: 1000 | D64: 30 | E64: 42683 | F64: 42653 | G64: 42592.309 | I64: Current | J64: =IF(H64 = " ", "Current", IF(H64 = 0, "Current", IF(H64 <= 39, "1 - 39 Days", IF(H64 <= 80, "40 - 80 Days")))) -> Current | K64: 34 | L64: Mature | M64: =IF(K64 <= 25, " Young Adults", IF(K64 <= 33, "Middle Aged", IF(K64 <= 49, "Mature", IF(K64 <= 100, "Old")))) -> Mature | N64: high school or below | O64: =PROPER(N64) -> High School Or Below | P64: male | Q64: =PROPER(P64) -> Male
A65: xqd20160064 | B65: PAIDOFF | C65: 1000 | D65: 30 | E65: 42683 | F65: 42653 | G65: 42713.486 | I65: Current | J65: =IF(H65 = " ", "Current", IF(H65 = 0, "Current", IF(H65 <= 39, "1 - 39 Days", IF(H65 <= 80, "40 - 80 Days")))) -> Current | K65: 45 | L65: Mature | M65: =IF(K65 <= 25, " Young Adults", IF(K65 <= 33, "Middle Aged", IF(K65 <= 49, "Mature", IF(K65 <= 100, "Old")))) -> Mature | N65: college | O65: =PROPER(N65) -> College | P65: male | Q65: =PROPER(P65) -> Male
A66: xqd20160065 | B66: PAIDOFF | C66: 800 | D66: 15 | E66: 42683 | F66: 9/25/2016 | G66: 9/25/2016 14:38 | I66: Current | J66: =IF(H66 = " ", "Current", IF(H66 = 0, "Current", IF(H66 <= 39, "1 - 39 Days", IF(H66 <= 80, "40 - 80 Days")))) -> Current | K66: 24 | L66: Young Adults | M66: =IF(K66 <= 25, " Young Adults", IF(K66 <= 33, "Middle Aged", IF(K66 <= 49, "Mature", IF(K66 <= 100, "Old")))) -> Young Adults | N66: high school or below | O66: =PROPER(N66) -> High School Or Below | P66: male | Q66: =PROPER(P66) -> Male
A67: xqd20160066 | B67: PAIDOFF | C67: 900 | D67: 15 | E67: 42683 | F67: 9/25/2016 | G67: 9/25/2016 23:00 | I67: Current | J67: =IF(H67 = " ", "Current", IF(H67 = 0, "Current", IF(H67 <= 39, "1 - 39 Days", IF(H67 <= 80, "40 - 80 Days")))) -> Current | K67: 28 | L67: Middle Aged | M67: =IF(K67 <= 25, " Young Adults", IF(K67 <= 33, "Middle Aged", IF(K67 <= 49, "Mature", IF(K67 <= 100, "Old")))) -> Middle Aged | N67: college | O67: =PROPER(N67) -> College | P67: male | Q67: =PROPER(P67) -> Male
A68: xqd20160067 | B68: PAIDOFF | C68: 1000 | D68: 30 | E68: 42683 | F68: 42653 | G68: 42592.503 | I68: Current | J68: =IF(H68 = " ", "Current", IF(H68 = 0, "Current", IF(H68 <= 39, "1 - 39 Days", IF(H68 <= 80, "40 - 80 Days")))) -> Current | K68: 28 | L68: Middle Aged | M68: =IF(K68 <= 25, " Young Adults", IF(K68 <= 33, "Middle Aged", IF(K68 <= 49, "Mature", IF(K68 <= 100, "Old")))) -> Middle Aged | N68: bachelor | O68: =PROPER(N68) -> Bachelor | P68: male | Q68: =PROPER(P68) -> Male
A69: xqd20160068 | B69: PAIDOFF | C69: 1000 | D69: 30 | E69: 42683 | F69: 42653 | G69: 42653.375 | I69: Current | J69: =IF(H69 = " ", "Current", IF(H69 = 0, "Current", IF(H69 <= 39, "1 - 39 Days", IF(H69 <= 80, "40 - 80 Days")))) -> Current | K69: 37 | L69: Mature | M69: =IF(K69 <= 25, " Young Adults", IF(K69 <= 33, "Middle Aged", IF(K69 <= 49, "Mature", IF(K69 <= 100, "Old")))) -> Mature | N69: high school or below | O69: =PROPER(N69) -> High School Or Below | P69: male | Q69: =PROPER(P69) -> Male
A70: xqd20160069 | B70: PAIDOFF | C70: 300 | D70: 7 | E70: 42683 | F70: 9/17/2016 | G70: 9/14/2016 22:05 | I70: Current | J70: =IF(H70 = " ", "Current", IF(H70 = 0, "Current", IF(H70 <= 39, "1 - 39 Days", IF(H70 <= 80, "40 - 80 Days")))) -> Current | K70: 35 | L70: Mature | M70: =IF(K70 <= 25, " Young Adults", IF(K70 <= 33, "Middle Aged", IF(K70 <= 49, "Mature", IF(K70 <= 100, "Old")))) -> Mature | N70: college | O70: =PROPER(N70) -> College | P70: male | Q70: =PROPER(P70) -> Male
A71: xqd20160070 | B71: PAIDOFF | C71: 1000 | D71: 30 | E71: 42683 | F71: 42653 | G71: 9/24/2016 13:27 | I71: Current | J71: =IF(H71 = " ", "Current", IF(H71 = 0, "Current", IF(H71 <= 39, "1 - 39 Days", IF(H71 <= 80, "40 - 80 Days")))) -> Current | K71: 43 | L71: Mature | M71: =IF(K71 <= 25, " Young Adults", IF(K71 <= 33, "Middle Aged", IF(K71 <= 49, "Mature", IF(K71 <= 100, "Old")))) -> Mature | N71: bachelor | O71: =PROPER(N71) -> Bachelor | P71: male | Q71: =PROPER(P71) -> Male
A72: xqd20160071 | B72: PAIDOFF | C72: 800 | D72: 15 | E72: 42683 | F72: 9/25/2016 | G72: 9/22/2016 21:18 | I72: Current | J72: =IF(H72 = " ", "Current", IF(H72 = 0, "Current", IF(H72 <= 39, "1 - 39 Days", IF(H72 <= 80, "40 - 80 Days")))) -> Current | K72: 29 | L72: Middle Aged | M72: =IF(K72 <= 25, " Young Adults", IF(K72 <= 33, "Middle Aged", IF(K72 <= 49, "Mature", IF(K72 <= 100, "Old")))) -> Middle Aged | N72: college | O72: =PROPER(N72) -> College | P72: male | Q72: =PROPER(P72) -> Male
A73: xqd20160072 | B73: PAIDOFF | C73: 800 | D73: 15 | E73: 42683 | F73: 9/25/2016 | G73: 9/24/2016 22:53 | I73: Current | J73: =IF(H73 = " ", "Current", IF(H73 = 0, "Current", IF(H73 <= 39, "1 - 39 Days", IF(H73 <= 80, "40 - 80 Days")))) -> Current | K73: 29 | L73: Middle Aged | M73: =IF(K73 <= 25, " Young Adults", IF(K73 <= 33, "Middle Aged", IF(K73 <= 49, "Mature", IF(K73 <= 100, "Old")))) -> Middle Aged | N73: high school or below | O73: =PROPER(N73) -> High School Or Below | P73: male | Q73: =PROPER(P73) -> Male
A74: xqd20160073 | B74: PAIDOFF | C74: 1000 | D74: 30 | E74: 42683 | F74: 42653 | G74: 42653.667 | I74: Current | J74: =IF(H74 = " ", "Current", IF(H74 = 0, "Current", IF(H74 <= 39, "1 - 39 Days", IF(H74 <= 80, "40 - 80 Days")))) -> Current | K74: 33 | L74: Middle Aged | M74: =IF(K74 <= 25, " Young Adults", IF(K74 <= 33, "Middle Aged", IF(K74 <= 49, "Mature", IF(K74 <= 100, "Old")))) -> Middle Aged | N74: bachelor | O74: =PROPER(N74) -> Bachelor | P74: female | Q74: =PROPER(P74) -> Female
A75: xqd20160074 | B75: PAIDOFF | C75: 1000 | D75: 15 | E75: 42683 | F75: 9/25/2016 | G75: 9/25/2016 9:00 | I75: Current | J75: =IF(H75 = " ", "Current", IF(H75 = 0, "Current", IF(H75 <= 39, "1 - 39 Days", IF(H75 <= 80, "40 - 80 Days")))) -> Current | K75: 34 | L75: Mature | M75: =IF(K75 <= 25, " Young Adults", IF(K75 <= 33, "Middle Aged", IF(K75 <= 49, "Mature", IF(K75 <= 100, "Old")))) -> Mature | N75: college | O75: =PROPER(N75) -> College | P75: male | Q75: =PROPER(P75) -> Male
A76: xqd20160075 | B76: PAIDOFF | C76: 1000 | D76: 15 | E76: 42683 | F76: 9/25/2016 | G76: 9/25/2016 9:00 | I76: Current | J76: =IF(H76 = " ", "Current", IF(H76 = 0, "Current", IF(H76 <= 39, "1 - 39 Days", IF(H76 <= 80, "40 - 80 Days")))) -> Current | K76: 25 | L76: Young Adults | M76: =IF(K76 <= 25, " Young Adults", IF(K76 <= 33, "Middle Aged", IF(K76 <= 49, "Mature", IF(K76 <= 100, "Old")))) -> Young Adults | N76: college | O76: =PROPER(N76) -> College | P76: male | Q76: =PROPER(P76) -> Male
A77: xqd20160076 | B77: PAIDOFF | C77: 1000 | D77: 30 | E77: 42683 | F77: 42653 | G77: 42592.55 | I77: Current | J77: =IF(H77 = " ", "Current", IF(H77 = 0, "Current", IF(H77 <= 39, "1 - 39 Days", IF(H77 <= 80, "40 - 80 Days")))) -> Current | K77: 30 | L77: Middle Aged | M77: =IF(K77 <= 25, " Young Adults", IF(K77 <= 33, "Middle Aged", IF(K77 <= 49, "Mature", IF(K77 <= 100, "Old")))) -> Middle Aged | N77: high school or below | O77: =PROPER(N77) -> High School Or Below | P77: male | Q77: =PROPER(P77) -> Male
A78: xqd20160077 | B78: PAIDOFF | C78: 1000 | D78: 30 | E78: 42683 | F78: 42653 | G78: 42623.576 | I78: Current | J78: =IF(H78 = " ", "Current", IF(H78 = 0, "Current", IF(H78 <= 39, "1 - 39 Days", IF(H78 <= 80, "40 - 80 Days")))) -> Current | K78: 31 | L78: Middle Aged | M78: =IF(K78 <= 25, " Young Adults", IF(K78 <= 33, "Middle Aged", IF(K78 <= 49, "Mature", IF(K78 <= 100, "Old")))) -> Middle Aged | N78: bachelor | O78: =PROPER(N78) -> Bachelor | P78: male | Q78: =PROPER(P78) -> Male
A79: xqd20160078 | B79: PAIDOFF | C79: 1000 | D79: 30 | E79: 42683 | F79: 42653 | G79: 42653.375 | I79: Current | J79: =IF(H79 = " ", "Current", IF(H79 = 0, "Current", IF(H79 <= 39, "1 - 39 Days", IF(H79 <= 80, "40 - 80 Days")))) -> Current | K79: 35 | L79: Mature | M79: =IF(K79 <= 25, " Young Adults", IF(K79 <= 33, "Middle Aged", IF(K79 <= 49, "Mature", IF(K79 <= 100, "Old")))) -> Mature | N79: college | O79: =PROPER(N79) -> College | P79: male | Q79: =PROPER(P79) -> Male
A80: xqd20160079 | B80: PAIDOFF | C80: 1000 | D80: 30 | E80: 42683 | F80: 42653 | G80: 9/30/2016 14:29 | I80: Current | J80: =IF(H80 = " ", "Current", IF(H80 = 0, "Current", IF(H80 <= 39, "1 - 39 Days", IF(H80 <= 80, "40 - 80 Days")))) -> Current | K80: 37 | L80: Mature | M80: =IF(K80 <= 25, " Young Adults", IF(K80 <= 33, "Middle Aged", IF(K80 <= 49, "Mature", IF(K80 <= 100, "Old")))) -> Mature | N80: college | O80: =PROPER(N80) -> College | P80: female | Q80: =PROPER(P80) -> Female
A81: xqd20160080 | B81: PAIDOFF | C81: 1000 | D81: 30 | E81: 42683 | F81: 42653 | G81: 42653.375 | I81: Current | J81: =IF(H81 = " ", "Current", IF(H81 = 0, "Current", IF(H81 <= 39, "1 - 39 Days", IF(H81 <= 80, "40 - 80 Days")))) -> Current | K81: 44 | L81: Mature | M81: =IF(K81 <= 25, " Young Adults", IF(K81 <= 33, "Middle Aged", IF(K81 <= 49, "Mature", IF(K81 <= 100, "Old")))) -> Mature | N81: high school or below | O81: =PROPER(N81) -> High School Or Below | P81: female | Q81: =PROPER(P81) -> Female
A82: xqd20160081 | B82: PAIDOFF | C82: 1000 | D82: 30 | E82: 42683 | F82: 42653 | G82: 9/21/2016 16:18 | I82: Current | J82: =IF(H82 = " ", "Current", IF(H82 = 0, "Current", IF(H82 <= 39, "1 - 39 Days", IF(H82 <= 80, "40 - 80 Days")))) -> Current | K82: 28 | L82: Middle Aged | M82: =IF(K82 <= 25, " Young Adults", IF(K82 <= 33, "Middle Aged", IF(K82 <= 49, "Mature", IF(K82 <= 100, "Old")))) -> Middle Aged | N82: high school or below | O82: =PROPER(N82) -> High School Or Below | P82: male | Q82: =PROPER(P82) -> Male
A83: xqd20160082 | B83: PAIDOFF | C83: 1000 | D83: 7 | E83: 42683 | F83: 9/17/2016 | G83: 9/13/2016 14:53 | I83: Current | J83: =IF(H83 = " ", "Current", IF(H83 = 0, "Current", IF(H83 <= 39, "1 - 39 Days", IF(H83 <= 80, "40 - 80 Days")))) -> Current | K83: 25 | L83: Young Adults | M83: =IF(K83 <= 25, " Young Adults", IF(K83 <= 33, "Middle Aged", IF(K83 <= 49, "Mature", IF(K83 <= 100, "Old")))) -> Young Adults | N83: college | O83: =PROPER(N83) -> College | P83: male | Q83: =PROPER(P83) -> Male
A84: xqd20160083 | B84: PAIDOFF | C84: 1000 | D84: 15 | E84: 42683 | F84: 9/25/2016 | G84: 9/25/2016 9:00 | I84: Current | J84: =IF(H84 = " ", "Current", IF(H84 = 0, "Current", IF(H84 <= 39, "1 - 39 Days", IF(H84 <= 80, "40 - 80 Days")))) -> Current | K84: 29 | L84: Middle Aged | M84: =IF(K84 <= 25, " Young Adults", IF(K84 <= 33, "Middle Aged", IF(K84 <= 49, "Mature", IF(K84 <= 100, "Old")))) -> Middle Aged | N84: college | O84: =PROPER(N84) -> College | P84: male | Q84: =PROPER(P84) -> Male
A85: xqd20160084 | B85: PAIDOFF | C85: 800 | D85: 15 | E85: 42683 | F85: 9/25/2016 | G85: 9/25/2016 13:00 | I85: Current | J85: =IF(H85 = " ", "Current", IF(H85 = 0, "Current", IF(H85 <= 39, "1 - 39 Days", IF(H85 <= 80, "40 - 80 Days")))) -> Current | K85: 33 | L85: Middle Aged | M85: =IF(K85 <= 25, " Young Adults", IF(K85 <= 33, "Middle Aged", IF(K85 <= 49, "Mature", IF(K85 <= 100, "Old")))) -> Middle Aged | N85: college | O85: =PROPER(N85) -> College | P85: male | Q85: =PROPER(P85) -> Male
A86: xqd20160085 | B86: PAIDOFF | C86: 1000 | D86: 30 | E86: 42683 | F86: 42653 | G86: 42653.542 | I86: Current | J86: =IF(H86 = " ", "Current", IF(H86 = 0, "Current", IF(H86 <= 39, "1 - 39 Days", IF(H86 <= 80, "40 - 80 Days")))) -> Current | K86: 37 | L86: Mature | M86: =IF(K86 <= 25, " Young Adults", IF(K86 <= 33, "Middle Aged", IF(K86 <= 49, "Mature", IF(K86 <= 100, "Old")))) -> Mature | N86: high school or below | O86: =PROPER(N86) -> High School Or Below | P86: female | Q86: =PROPER(P86) -> Female
A87: xqd20160086 | B87: PAIDOFF | C87: 1000 | D87: 30 | E87: 42683 | F87: 42624 | G87: 42624.375 | I87: Current | J87: =IF(H87 = " ", "Current", IF(H87 = 0, "Current", IF(H87 <= 39, "1 - 39 Days", IF(H87 <= 80, "40 - 80 Days")))) -> Current | K87: 33 | L87: Middle Aged | M87: =IF(K87 <= 25, " Young Adults", IF(K87 <= 33, "Middle Aged", IF(K87 <= 49, "Mature", IF(K87 <= 100, "Old")))) -> Middle Aged | N87: college | O87: =PROPER(N87) -> College | P87: male | Q87: =PROPER(P87) -> Male
A88: xqd20160087 | B88: PAIDOFF | C88: 1000 | D88: 30 | E88: 42683 | F88: 42653 | G88: 42653.375 | I88: Current | J88: =IF(H88 = " ", "Current", IF(H88 = 0, "Current", IF(H88 <= 39, "1 - 39 Days", IF(H88 <= 80, "40 - 80 Days")))) -> Current | K88: 24 | L88: Young Adults | M88: =IF(K88 <= 25, " Young Adults", IF(K88 <= 33, "Middle Aged", IF(K88 <= 49, "Mature", IF(K88 <= 100, "Old")))) -> Young Adults | N88: high school or below | O88: =PROPER(N88) -> High School Or Below | P88: female | Q88: =PROPER(P88) -> Female
A89: xqd20160088 | B89: PAIDOFF | C89: 1000 | D89: 30 | E89: 42683 | F89: 42653 | G89: 9/17/2016 13:01 | I89: Current | J89: =IF(H89 = " ", "Current", IF(H89 = 0, "Current", IF(H89 <= 39, "1 - 39 Days", IF(H89 <= 80, "40 - 80 Days")))) -> Current | K89: 27 | L89: Middle Aged | M89: =IF(K89 <= 25, " Young Adults", IF(K89 <= 33, "Middle Aged", IF(K89 <= 49, "Mature", IF(K89 <= 100, "Old")))) -> Middle Aged | N89: college | O89: =PROPER(N89) -> College | P89: female | Q89: =PROPER(P89) -> Female
A90: xqd20160089 | B90: PAIDOFF | C90: 800 | D90: 15 | E90: 42683 | F90: 9/25/2016 | G90: 9/21/2016 9:35 | I90: Current | J90: =IF(H90 = " ", "Current", IF(H90 = 0, "Current", IF(H90 <= 39, "1 - 39 Days", IF(H90 <= 80, "40 - 80 Days")))) -> Current | K90: 43 | L90: Mature | M90: =IF(K90 <= 25, " Young Adults", IF(K90 <= 33, "Middle Aged", IF(K90 <= 49, "Mature", IF(K90 <= 100, "Old")))) -> Mature | N90: bachelor | O90: =PROPER(N90) -> Bachelor | P90: male | Q90: =PROPER(P90) -> Male
A91: xqd90160090 | B91: PAIDOFF | C91: 800 | D91: 15 | E91: 42683 | F91: 9/25/2016 | G91: 9/24/2016 20:33 | I91: Current | J91: =IF(H91 = " ", "Current", IF(H91 = 0, "Current", IF(H91 <= 39, "1 - 39 Days", IF(H91 <= 80, "40 - 80 Days")))) -> Current | K91: 46 | L91: Mature | M91: =IF(K91 <= 25, " Young Adults", IF(K91 <= 33, "Middle Aged", IF(K91 <= 49, "Mature", IF(K91 <= 100, "Old")))) -> Mature | N91: high school or below | O91: =PROPER(N91) -> High School Or Below | P91: female | Q91: =PROPER(P91) -> Female
A92: xqd91160291 | B92: PAIDOFF | C92: 800 | D92: 15 | E92: 42683 | F92: 9/25/2016 | G92: 9/25/2016 9:00 | I92: Current | J92: =IF(H92 = " ", "Current", IF(H92 = 0, "Current", IF(H92 <= 39, "1 - 39 Days", IF(H92 <= 80, "40 - 80 Days")))) -> Current | K92: 34 | L92: Mature | M92: =IF(K92 <= 25, " Young Adults", IF(K92 <= 33, "Middle Aged", IF(K92 <= 49, "Mature", IF(K92 <= 100, "Old")))) -> Mature | N92: college | O92: =PROPER(N92) -> College | P92: female | Q92: =PROPER(P92) -> Female
A93: xqd90160092 | B93: PAIDOFF | C93: 1000 | D93: 7 | E93: 42683 | F93: 9/17/2016 | G93: 9/17/2016 9:00 | I93: Current | J93: =IF(H93 = " ", "Current", IF(H93 = 0, "Current", IF(H93 <= 39, "1 - 39 Days", IF(H93 <= 80, "40 - 80 Days")))) -> Current | K93: 32 | L93: Middle Aged | M93: =IF(K93 <= 25, " Young Adults", IF(K93 <= 33, "Middle Aged", IF(K93 <= 49, "Mature", IF(K93 <= 100, "Old")))) -> Middle Aged | N93: bachelor | O93: =PROPER(N93) -> Bachelor | P93: female | Q93: =PROPER(P93) -> Female
A94: xqd90163093 | B94: PAIDOFF | C94: 800 | D94: 15 | E94: 42683 | F94: 9/25/2016 | G94: 9/24/2016 0:12 | I94: Current | J94: =IF(H94 = " ", "Current", IF(H94 = 0, "Current", IF(H94 <= 39, "1 - 39 Days", IF(H94 <= 80, "40 - 80 Days")))) -> Current | K94: 38 | L94: Mature | M94: =IF(K94 <= 25, " Young Adults", IF(K94 <= 33, "Middle Aged", IF(K94 <= 49, "Mature", IF(K94 <= 100, "Old")))) -> Mature | N94: high school or below | O94: =PROPER(N94) -> High School Or Below | P94: male | Q94: =PROPER(P94) -> Male
A95: xqd20160094 | B95: PAIDOFF | C95: 800 | D95: 15 | E95: 42683 | F95: 9/25/2016 | G95: 9/21/2016 12:43 | I95: Current | J95: =IF(H95 = " ", "Current", IF(H95 = 0, "Current", IF(H95 <= 39, "1 - 39 Days", IF(H95 <= 80, "40 - 80 Days")))) -> Current | K95: 27 | L95: Middle Aged | M95: =IF(K95 <= 25, " Young Adults", IF(K95 <= 33, "Middle Aged", IF(K95 <= 49, "Mature", IF(K95 <= 100, "Old")))) -> Middle Aged | N95: high school or below | O95: =PROPER(N95) -> High School Or Below | P95: male | Q95: =PROPER(P95) -> Male
A96: xqd20167095 | B96: PAIDOFF | C96: 1000 | D96: 30 | E96: 42683 | F96: 42653 | G96: 42653.542 | I96: Current | J96: =IF(H96 = " ", "Current", IF(H96 = 0, "Current", IF(H96 <= 39, "1 - 39 Days", IF(H96 <= 80, "40 - 80 Days")))) -> Current | K96: 33 | L96: Middle Aged | M96: =IF(K96 <= 25, " Young Adults", IF(K96 <= 33, "Middle Aged", IF(K96 <= 49, "Mature", IF(K96 <= 100, "Old")))) -> Middle Aged | N96: high school or below | O96: =PROPER(N96) -> High School Or Below | P96: male | Q96: =PROPER(P96) -> Male
A97: xqd20160096 | B97: PAIDOFF | C97: 1000 | D97: 30 | E97: 42683 | F97: 42653 | G97: 42592.867 | I97: Current | J97: =IF(H97 = " ", "Current", IF(H97 = 0, "Current", IF(H97 <= 39, "1 - 39 Days", IF(H97 <= 80, "40 - 80 Days")))) -> Current | K97: 36 | L97: Mature | M97: =IF(K97 <= 25, " Young Adults", IF(K97 <= 33, "Middle Aged", IF(K97 <= 49, "Mature", IF(K97 <= 100, "Old")))) -> Mature | N97: college | O97: =PROPER(N97) -> College | P97: male | Q97: =PROPER(P97) -> Male
A98: xqd20160097 | B98: PAIDOFF | C98: 1000 | D98: 15 | E98: 42683 | F98: 9/25/2016 | G98: 9/20/2016 5:38 | I98: Current | J98: =IF(H98 = " ", "Current", IF(H98 = 0, "Current", IF(H98 <= 39, "1 - 39 Days", IF(H98 <= 80, "40 - 80 Days")))) -> Current | K98: 26 | L98: Middle Aged | M98: =IF(K98 <= 25, " Young Adults", IF(K98 <= 33, "Middle Aged", IF(K98 <= 49, "Mature", IF(K98 <= 100, "Old")))) -> Middle Aged | N98: high school or below | O98: =PROPER(N98) -> High School Or Below | P98: male | Q98: =PROPER(P98) -> Male
A99: xqd20160098 | B99: PAIDOFF | C99: 1000 | D99: 30 | E99: 42683 | F99: 42653 | G99: 42653.376 | I99: Current | J99: =IF(H99 = " ", "Current", IF(H99 = 0, "Current", IF(H99 <= 39, "1 - 39 Days", IF(H99 <= 80, "40 - 80 Days")))) -> Current | K99: 34 | L99: Mature | M99: =IF(K99 <= 25, " Young Adults", IF(K99 <= 33, "Middle Aged", IF(K99 <= 49, "Mature", IF(K99 <= 100, "Old")))) -> Mature | N99: college | O99: =PROPER(N99) -> College | P99: male | Q99: =PROPER(P99) -> Male
A100: xqd20160099 | B100: PAIDOFF | C100: 1000 | D100: 30 | E100: 42683 | F100: 42653 | G100: 42653.376 | I100: Current | J100: =IF(H100 = " ", "Current", IF(H100 = 0, "Current", IF(H100 <= 39, "1 - 39 Days", IF(H100 <= 80, "40 - 80 Days")))) -> Current | K100: 22 | L100: Young Adults | M100: =IF(K100 <= 25, " Young Adults", IF(K100 <= 33, "Middle Aged", IF(K100 <= 49, "Mature", IF(K100 <= 100, "Old")))) -> Young Adults | N100: high school or below | O100: =PROPER(N100) -> High School Or Below | P100: male | Q100: =PROPER(P100) -> Male
...

Sheet KPI Summary
A1: KPI SUMMARY
A3: KPIs | B3: Values | C3: Answers
A4: Total Loans | B4: =COUNTA('Loan Payment Data'!A2:A501) -> 500 | C4: How many loans are in the dataset?
A5: Total Principal | B5: =SUM('Loan Payment Data'!C2:C502) -> 471600 | C5: What is the total principal value of the portfolio?
A6: Loans in Collection | B6: =COUNTIF('Loan Payment Data'!B2:B501, "COLLECTION") -> 100 | C6: How many loans are currently classified as COLLECTION?
A7: Principal In Collection | B7: =SUMIFS('Loan Payment Data'!C2:C501, 'Loan Payment Data'!B2:B501, "COLLECTION") -> 95400 | C7: How much principal is associated with laons currently in COLLECTION?
A8: 40+ Days Loans | B8: =COUNTIF('Loan Payment Data'!I2:I501, " 40 - 80 Days") -> 99 | C8: How many Loans fall into the most severe delinqeuncy band we've defined?
A9: Collection Rate | B9: =COUNTIFS('Loan Payment Data'!B2:B501,"COLLECTION")/COUNTA('Loan Payment Data'!A2:A501) -> 0.2 | C9: What percentage of all loans are currently classified as COLLECTION?

Sheet  Pivot Tables
A1: Pivot Tables
A8: Row Labels | B8: Count of Loan_ID | C8: Sum of Principal
A9: 9/13/2016 | B9: 23 | C9: 20900
A10: 9/14/2016 | B10: 33 | C10: 31400
A11: 42591 | B11: 4 | C11: 4000
A12: 42622 | B12: 15 | C12: 13700
A13: 42652 | B13: 46 | C13: 43200
A14: 42683 | B14: 231 | C14: 219000
A15: 42713 | B15: 148 | C15: 139400
A16: Grand Total | B16: 500 | C16: 471600
A28: Count of Loan_ID | B28: Column Labels
A29: Row Labels | B29: COLLECTION | C29: COLLECTION_PAIDOFF | D29: PAIDOFF | E29: Grand Total
A30: female | B30: 10 | C30: 14 | D30: 53 | E30: 77
A31: male | B31: 90 | C31: 86 | D31: 247 | E31: 423
A32: Grand Total | B32: 100 | C32: 100 | D32: 300 | E32: 500
A42: Row Labels | B42: Sum of Principal | C42: Count of Loan_ID
A43: Young Adults | B43: 70700 | C43: 75
A44: Mature | B44: 141600 | C44: 153
A45: Middle Aged | B45: 254700 | C45: 267
A46: Old | B46: 4600 | C46: 5
A47: Grand Total | B47: 471600 | C47: 500
A62: Row Labels | B62: Count of Loan_ID | C62: Sum of Principal
A63: COLLECTION | B63: 100 | C63: 95400
A64: COLLECTION_PAIDOFF | B64: 100 | C64: 95700
A65: PAIDOFF | B65: 300 | C65: 280500
A66: Grand Total | B66: 500 | C66: 471600

Sheet Dashaboard
A1: LOAN PAYMENT DASHBOARD
